POSICAO,CODIGO,NOME,VOLTAS,TEMPO,MEDIA VELOCIDADE CORRIDA
1,038,F.MASS,4,04:12,44.245750
2,002,K.RAIKKONEN,4,04:16,43.627250
3,033,R.BARRICHELLO,4,04:17,43.468000
4,023,M.WEBBER,4,04:18,43.191250
5,015,F.ALONSO,4,04:55,38.066250
6,011,S.VETTEL,3,06:28,25.745667
